title,text
SHOCKING: Secret Alien Technology Uncovered in Underground Bunker,Anonymous sources claim that government officials have been hiding alien spaceships in secret underground facilities. Scientists allegedly reverse engineered extraterrestrial weapons. Share before this video gets deleted!
"Miracle Plant Cures All Known Diseases Overnight, Doctors Furious",Big pharma doesn't want you to know about this simple backyard weed that eliminates all illnesses instantly. Drinking this tea twice daily restores full vitality and reverses aging. Doctors are trying to ban it nationwide.
BREAKING: Global Economy Will Collapse Tomorrow Morning Says Insider,Unnamed financial gurus warn that all banks will close permanently at sunrise. Citizens are advised to convert all cash into gold coins immediately. Major financial institutions refuse to comment on the impending chaos.
"Famous Celebrity Secretly Replaced by Clone, Fans Claim",Social media users noticed subtle changes in ear shape and voice frequency of the pop icon. conspiracy theorists insist the real star was cloned in a top secret laboratory. Leaked memos confirm the clone substitution.
Scientists Confirm Drinking Saltwater Increases Intelligence by 300%,A groundbreaking rogue study asserts that drinking untreated ocean water activates dormant brain cells. Researchers recommend replacing regular drinking water with seawater for maximum cognitive advantage.
SHOCKING: Secret Alien Technology Uncovered in Underground Bunker,Anonymous sources claim that government officials have been hiding alien spaceships in secret underground facilities. Scientists allegedly reverse engineered extraterrestrial weapons. Share before this video gets deleted!
"Miracle Plant Cures All Known Diseases Overnight, Doctors Furious",Big pharma doesn't want you to know about this simple backyard weed that eliminates all illnesses instantly. Drinking this tea twice daily restores full vitality and reverses aging. Doctors are trying to ban it nationwide.
BREAKING: Global Economy Will Collapse Tomorrow Morning Says Insider,Unnamed financial gurus warn that all banks will close permanently at sunrise. Citizens are advised to convert all cash into gold coins immediately. Major financial institutions refuse to comment on the impending chaos.
"Famous Celebrity Secretly Replaced by Clone, Fans Claim",Social media users noticed subtle changes in ear shape and voice frequency of the pop icon. conspiracy theorists insist the real star was cloned in a top secret laboratory. Leaked memos confirm the clone substitution.
Scientists Confirm Drinking Saltwater Increases Intelligence by 300%,A groundbreaking rogue study asserts that drinking untreated ocean water activates dormant brain cells. Researchers recommend replacing regular drinking water with seawater for maximum cognitive advantage.
SHOCKING: Secret Alien Technology Uncovered in Underground Bunker,Anonymous sources claim that government officials have been hiding alien spaceships in secret underground facilities. Scientists allegedly reverse engineered extraterrestrial weapons. Share before this video gets deleted!
"Miracle Plant Cures All Known Diseases Overnight, Doctors Furious",Big pharma doesn't want you to know about this simple backyard weed that eliminates all illnesses instantly. Drinking this tea twice daily restores full vitality and reverses aging. Doctors are trying to ban it nationwide.
BREAKING: Global Economy Will Collapse Tomorrow Morning Says Insider,Unnamed financial gurus warn that all banks will close permanently at sunrise. Citizens are advised to convert all cash into gold coins immediately. Major financial institutions refuse to comment on the impending chaos.
"Famous Celebrity Secretly Replaced by Clone, Fans Claim",Social media users noticed subtle changes in ear shape and voice frequency of the pop icon. conspiracy theorists insist the real star was cloned in a top secret laboratory. Leaked memos confirm the clone substitution.
Scientists Confirm Drinking Saltwater Increases Intelligence by 300%,A groundbreaking rogue study asserts that drinking untreated ocean water activates dormant brain cells. Researchers recommend replacing regular drinking water with seawater for maximum cognitive advantage.
SHOCKING: Secret Alien Technology Uncovered in Underground Bunker,Anonymous sources claim that government officials have been hiding alien spaceships in secret underground facilities. Scientists allegedly reverse engineered extraterrestrial weapons. Share before this video gets deleted!
"Miracle Plant Cures All Known Diseases Overnight, Doctors Furious",Big pharma doesn't want you to know about this simple backyard weed that eliminates all illnesses instantly. Drinking this tea twice daily restores full vitality and reverses aging. Doctors are trying to ban it nationwide.
BREAKING: Global Economy Will Collapse Tomorrow Morning Says Insider,Unnamed financial gurus warn that all banks will close permanently at sunrise. Citizens are advised to convert all cash into gold coins immediately. Major financial institutions refuse to comment on the impending chaos.
"Famous Celebrity Secretly Replaced by Clone, Fans Claim",Social media users noticed subtle changes in ear shape and voice frequency of the pop icon. conspiracy theorists insist the real star was cloned in a top secret laboratory. Leaked memos confirm the clone substitution.
Scientists Confirm Drinking Saltwater Increases Intelligence by 300%,A groundbreaking rogue study asserts that drinking untreated ocean water activates dormant brain cells. Researchers recommend replacing regular drinking water with seawater for maximum cognitive advantage.
SHOCKING: Secret Alien Technology Uncovered in Underground Bunker,Anonymous sources claim that government officials have been hiding alien spaceships in secret underground facilities. Scientists allegedly reverse engineered extraterrestrial weapons. Share before this video gets deleted!
"Miracle Plant Cures All Known Diseases Overnight, Doctors Furious",Big pharma doesn't want you to know about this simple backyard weed that eliminates all illnesses instantly. Drinking this tea twice daily restores full vitality and reverses aging. Doctors are trying to ban it nationwide.
BREAKING: Global Economy Will Collapse Tomorrow Morning Says Insider,Unnamed financial gurus warn that all banks will close permanently at sunrise. Citizens are advised to convert all cash into gold coins immediately. Major financial institutions refuse to comment on the impending chaos.
"Famous Celebrity Secretly Replaced by Clone, Fans Claim",Social media users noticed subtle changes in ear shape and voice frequency of the pop icon. conspiracy theorists insist the real star was cloned in a top secret laboratory. Leaked memos confirm the clone substitution.
Scientists Confirm Drinking Saltwater Increases Intelligence by 300%,A groundbreaking rogue study asserts that drinking untreated ocean water activates dormant brain cells. Researchers recommend replacing regular drinking water with seawater for maximum cognitive advantage.
SHOCKING: Secret Alien Technology Uncovered in Underground Bunker,Anonymous sources claim that government officials have been hiding alien spaceships in secret underground facilities. Scientists allegedly reverse engineered extraterrestrial weapons. Share before this video gets deleted!
"Miracle Plant Cures All Known Diseases Overnight, Doctors Furious",Big pharma doesn't want you to know about this simple backyard weed that eliminates all illnesses instantly. Drinking this tea twice daily restores full vitality and reverses aging. Doctors are trying to ban it nationwide.
BREAKING: Global Economy Will Collapse Tomorrow Morning Says Insider,Unnamed financial gurus warn that all banks will close permanently at sunrise. Citizens are advised to convert all cash into gold coins immediately. Major financial institutions refuse to comment on the impending chaos.
"Famous Celebrity Secretly Replaced by Clone, Fans Claim",Social media users noticed subtle changes in ear shape and voice frequency of the pop icon. conspiracy theorists insist the real star was cloned in a top secret laboratory. Leaked memos confirm the clone substitution.
Scientists Confirm Drinking Saltwater Increases Intelligence by 300%,A groundbreaking rogue study asserts that drinking untreated ocean water activates dormant brain cells. Researchers recommend replacing regular drinking water with seawater for maximum cognitive advantage.
SHOCKING: Secret Alien Technology Uncovered in Underground Bunker,Anonymous sources claim that government officials have been hiding alien spaceships in secret underground facilities. Scientists allegedly reverse engineered extraterrestrial weapons. Share before this video gets deleted!
"Miracle Plant Cures All Known Diseases Overnight, Doctors Furious",Big pharma doesn't want you to know about this simple backyard weed that eliminates all illnesses instantly. Drinking this tea twice daily restores full vitality and reverses aging. Doctors are trying to ban it nationwide.
BREAKING: Global Economy Will Collapse Tomorrow Morning Says Insider,Unnamed financial gurus warn that all banks will close permanently at sunrise. Citizens are advised to convert all cash into gold coins immediately. Major financial institutions refuse to comment on the impending chaos.
"Famous Celebrity Secretly Replaced by Clone, Fans Claim",Social media users noticed subtle changes in ear shape and voice frequency of the pop icon. conspiracy theorists insist the real star was cloned in a top secret laboratory. Leaked memos confirm the clone substitution.
Scientists Confirm Drinking Saltwater Increases Intelligence by 300%,A groundbreaking rogue study asserts that drinking untreated ocean water activates dormant brain cells. Researchers recommend replacing regular drinking water with seawater for maximum cognitive advantage.
SHOCKING: Secret Alien Technology Uncovered in Underground Bunker,Anonymous sources claim that government officials have been hiding alien spaceships in secret underground facilities. Scientists allegedly reverse engineered extraterrestrial weapons. Share before this video gets deleted!
"Miracle Plant Cures All Known Diseases Overnight, Doctors Furious",Big pharma doesn't want you to know about this simple backyard weed that eliminates all illnesses instantly. Drinking this tea twice daily restores full vitality and reverses aging. Doctors are trying to ban it nationwide.
BREAKING: Global Economy Will Collapse Tomorrow Morning Says Insider,Unnamed financial gurus warn that all banks will close permanently at sunrise. Citizens are advised to convert all cash into gold coins immediately. Major financial institutions refuse to comment on the impending chaos.
"Famous Celebrity Secretly Replaced by Clone, Fans Claim",Social media users noticed subtle changes in ear shape and voice frequency of the pop icon. conspiracy theorists insist the real star was cloned in a top secret laboratory. Leaked memos confirm the clone substitution.
Scientists Confirm Drinking Saltwater Increases Intelligence by 300%,A groundbreaking rogue study asserts that drinking untreated ocean water activates dormant brain cells. Researchers recommend replacing regular drinking water with seawater for maximum cognitive advantage.
SHOCKING: Secret Alien Technology Uncovered in Underground Bunker,Anonymous sources claim that government officials have been hiding alien spaceships in secret underground facilities. Scientists allegedly reverse engineered extraterrestrial weapons. Share before this video gets deleted!
"Miracle Plant Cures All Known Diseases Overnight, Doctors Furious",Big pharma doesn't want you to know about this simple backyard weed that eliminates all illnesses instantly. Drinking this tea twice daily restores full vitality and reverses aging. Doctors are trying to ban it nationwide.
BREAKING: Global Economy Will Collapse Tomorrow Morning Says Insider,Unnamed financial gurus warn that all banks will close permanently at sunrise. Citizens are advised to convert all cash into gold coins immediately. Major financial institutions refuse to comment on the impending chaos.
"Famous Celebrity Secretly Replaced by Clone, Fans Claim",Social media users noticed subtle changes in ear shape and voice frequency of the pop icon. conspiracy theorists insist the real star was cloned in a top secret laboratory. Leaked memos confirm the clone substitution.
Scientists Confirm Drinking Saltwater Increases Intelligence by 300%,A groundbreaking rogue study asserts that drinking untreated ocean water activates dormant brain cells. Researchers recommend replacing regular drinking water with seawater for maximum cognitive advantage.
SHOCKING: Secret Alien Technology Uncovered in Underground Bunker,Anonymous sources claim that government officials have been hiding alien spaceships in secret underground facilities. Scientists allegedly reverse engineered extraterrestrial weapons. Share before this video gets deleted!
"Miracle Plant Cures All Known Diseases Overnight, Doctors Furious",Big pharma doesn't want you to know about this simple backyard weed that eliminates all illnesses instantly. Drinking this tea twice daily restores full vitality and reverses aging. Doctors are trying to ban it nationwide.
BREAKING: Global Economy Will Collapse Tomorrow Morning Says Insider,Unnamed financial gurus warn that all banks will close permanently at sunrise. Citizens are advised to convert all cash into gold coins immediately. Major financial institutions refuse to comment on the impending chaos.
"Famous Celebrity Secretly Replaced by Clone, Fans Claim",Social media users noticed subtle changes in ear shape and voice frequency of the pop icon. conspiracy theorists insist the real star was cloned in a top secret laboratory. Leaked memos confirm the clone substitution.
Scientists Confirm Drinking Saltwater Increases Intelligence by 300%,A groundbreaking rogue study asserts that drinking untreated ocean water activates dormant brain cells. Researchers recommend replacing regular drinking water with seawater for maximum cognitive advantage.
SHOCKING: Secret Alien Technology Uncovered in Underground Bunker,Anonymous sources claim that government officials have been hiding alien spaceships in secret underground facilities. Scientists allegedly reverse engineered extraterrestrial weapons. Share before this video gets deleted!
"Miracle Plant Cures All Known Diseases Overnight, Doctors Furious",Big pharma doesn't want you to know about this simple backyard weed that eliminates all illnesses instantly. Drinking this tea twice daily restores full vitality and reverses aging. Doctors are trying to ban it nationwide.
BREAKING: Global Economy Will Collapse Tomorrow Morning Says Insider,Unnamed financial gurus warn that all banks will close permanently at sunrise. Citizens are advised to convert all cash into gold coins immediately. Major financial institutions refuse to comment on the impending chaos.
"Famous Celebrity Secretly Replaced by Clone, Fans Claim",Social media users noticed subtle changes in ear shape and voice frequency of the pop icon. conspiracy theorists insist the real star was cloned in a top secret laboratory. Leaked memos confirm the clone substitution.
Scientists Confirm Drinking Saltwater Increases Intelligence by 300%,A groundbreaking rogue study asserts that drinking untreated ocean water activates dormant brain cells. Researchers recommend replacing regular drinking water with seawater for maximum cognitive advantage.
SHOCKING: Secret Alien Technology Uncovered in Underground Bunker,Anonymous sources claim that government officials have been hiding alien spaceships in secret underground facilities. Scientists allegedly reverse engineered extraterrestrial weapons. Share before this video gets deleted!
"Miracle Plant Cures All Known Diseases Overnight, Doctors Furious",Big pharma doesn't want you to know about this simple backyard weed that eliminates all illnesses instantly. Drinking this tea twice daily restores full vitality and reverses aging. Doctors are trying to ban it nationwide.
BREAKING: Global Economy Will Collapse Tomorrow Morning Says Insider,Unnamed financial gurus warn that all banks will close permanently at sunrise. Citizens are advised to convert all cash into gold coins immediately. Major financial institutions refuse to comment on the impending chaos.
"Famous Celebrity Secretly Replaced by Clone, Fans Claim",Social media users noticed subtle changes in ear shape and voice frequency of the pop icon. conspiracy theorists insist the real star was cloned in a top secret laboratory. Leaked memos confirm the clone substitution.
Scientists Confirm Drinking Saltwater Increases Intelligence by 300%,A groundbreaking rogue study asserts that drinking untreated ocean water activates dormant brain cells. Researchers recommend replacing regular drinking water with seawater for maximum cognitive advantage.
SHOCKING: Secret Alien Technology Uncovered in Underground Bunker,Anonymous sources claim that government officials have been hiding alien spaceships in secret underground facilities. Scientists allegedly reverse engineered extraterrestrial weapons. Share before this video gets deleted!
"Miracle Plant Cures All Known Diseases Overnight, Doctors Furious",Big pharma doesn't want you to know about this simple backyard weed that eliminates all illnesses instantly. Drinking this tea twice daily restores full vitality and reverses aging. Doctors are trying to ban it nationwide.
BREAKING: Global Economy Will Collapse Tomorrow Morning Says Insider,Unnamed financial gurus warn that all banks will close permanently at sunrise. Citizens are advised to convert all cash into gold coins immediately. Major financial institutions refuse to comment on the impending chaos.
"Famous Celebrity Secretly Replaced by Clone, Fans Claim",Social media users noticed subtle changes in ear shape and voice frequency of the pop icon. conspiracy theorists insist the real star was cloned in a top secret laboratory. Leaked memos confirm the clone substitution.
Scientists Confirm Drinking Saltwater Increases Intelligence by 300%,A groundbreaking rogue study asserts that drinking untreated ocean water activates dormant brain cells. Researchers recommend replacing regular drinking water with seawater for maximum cognitive advantage.
SHOCKING: Secret Alien Technology Uncovered in Underground Bunker,Anonymous sources claim that government officials have been hiding alien spaceships in secret underground facilities. Scientists allegedly reverse engineered extraterrestrial weapons. Share before this video gets deleted!
"Miracle Plant Cures All Known Diseases Overnight, Doctors Furious",Big pharma doesn't want you to know about this simple backyard weed that eliminates all illnesses instantly. Drinking this tea twice daily restores full vitality and reverses aging. Doctors are trying to ban it nationwide.
BREAKING: Global Economy Will Collapse Tomorrow Morning Says Insider,Unnamed financial gurus warn that all banks will close permanently at sunrise. Citizens are advised to convert all cash into gold coins immediately. Major financial institutions refuse to comment on the impending chaos.
"Famous Celebrity Secretly Replaced by Clone, Fans Claim",Social media users noticed subtle changes in ear shape and voice frequency of the pop icon. conspiracy theorists insist the real star was cloned in a top secret laboratory. Leaked memos confirm the clone substitution.
Scientists Confirm Drinking Saltwater Increases Intelligence by 300%,A groundbreaking rogue study asserts that drinking untreated ocean water activates dormant brain cells. Researchers recommend replacing regular drinking water with seawater for maximum cognitive advantage.
SHOCKING: Secret Alien Technology Uncovered in Underground Bunker,Anonymous sources claim that government officials have been hiding alien spaceships in secret underground facilities. Scientists allegedly reverse engineered extraterrestrial weapons. Share before this video gets deleted!
"Miracle Plant Cures All Known Diseases Overnight, Doctors Furious",Big pharma doesn't want you to know about this simple backyard weed that eliminates all illnesses instantly. Drinking this tea twice daily restores full vitality and reverses aging. Doctors are trying to ban it nationwide.
BREAKING: Global Economy Will Collapse Tomorrow Morning Says Insider,Unnamed financial gurus warn that all banks will close permanently at sunrise. Citizens are advised to convert all cash into gold coins immediately. Major financial institutions refuse to comment on the impending chaos.
"Famous Celebrity Secretly Replaced by Clone, Fans Claim",Social media users noticed subtle changes in ear shape and voice frequency of the pop icon. conspiracy theorists insist the real star was cloned in a top secret laboratory. Leaked memos confirm the clone substitution.
Scientists Confirm Drinking Saltwater Increases Intelligence by 300%,A groundbreaking rogue study asserts that drinking untreated ocean water activates dormant brain cells. Researchers recommend replacing regular drinking water with seawater for maximum cognitive advantage.
SHOCKING: Secret Alien Technology Uncovered in Underground Bunker,Anonymous sources claim that government officials have been hiding alien spaceships in secret underground facilities. Scientists allegedly reverse engineered extraterrestrial weapons. Share before this video gets deleted!
"Miracle Plant Cures All Known Diseases Overnight, Doctors Furious",Big pharma doesn't want you to know about this simple backyard weed that eliminates all illnesses instantly. Drinking this tea twice daily restores full vitality and reverses aging. Doctors are trying to ban it nationwide.
BREAKING: Global Economy Will Collapse Tomorrow Morning Says Insider,Unnamed financial gurus warn that all banks will close permanently at sunrise. Citizens are advised to convert all cash into gold coins immediately. Major financial institutions refuse to comment on the impending chaos.
"Famous Celebrity Secretly Replaced by Clone, Fans Claim",Social media users noticed subtle changes in ear shape and voice frequency of the pop icon. conspiracy theorists insist the real star was cloned in a top secret laboratory. Leaked memos confirm the clone substitution.
Scientists Confirm Drinking Saltwater Increases Intelligence by 300%,A groundbreaking rogue study asserts that drinking untreated ocean water activates dormant brain cells. Researchers recommend replacing regular drinking water with seawater for maximum cognitive advantage.
SHOCKING: Secret Alien Technology Uncovered in Underground Bunker,Anonymous sources claim that government officials have been hiding alien spaceships in secret underground facilities. Scientists allegedly reverse engineered extraterrestrial weapons. Share before this video gets deleted!
"Miracle Plant Cures All Known Diseases Overnight, Doctors Furious",Big pharma doesn't want you to know about this simple backyard weed that eliminates all illnesses instantly. Drinking this tea twice daily restores full vitality and reverses aging. Doctors are trying to ban it nationwide.
BREAKING: Global Economy Will Collapse Tomorrow Morning Says Insider,Unnamed financial gurus warn that all banks will close permanently at sunrise. Citizens are advised to convert all cash into gold coins immediately. Major financial institutions refuse to comment on the impending chaos.
"Famous Celebrity Secretly Replaced by Clone, Fans Claim",Social media users noticed subtle changes in ear shape and voice frequency of the pop icon. conspiracy theorists insist the real star was cloned in a top secret laboratory. Leaked memos confirm the clone substitution.
Scientists Confirm Drinking Saltwater Increases Intelligence by 300%,A groundbreaking rogue study asserts that drinking untreated ocean water activates dormant brain cells. Researchers recommend replacing regular drinking water with seawater for maximum cognitive advantage.
SHOCKING: Secret Alien Technology Uncovered in Underground Bunker,Anonymous sources claim that government officials have been hiding alien spaceships in secret underground facilities. Scientists allegedly reverse engineered extraterrestrial weapons. Share before this video gets deleted!
"Miracle Plant Cures All Known Diseases Overnight, Doctors Furious",Big pharma doesn't want you to know about this simple backyard weed that eliminates all illnesses instantly. Drinking this tea twice daily restores full vitality and reverses aging. Doctors are trying to ban it nationwide.
BREAKING: Global Economy Will Collapse Tomorrow Morning Says Insider,Unnamed financial gurus warn that all banks will close permanently at sunrise. Citizens are advised to convert all cash into gold coins immediately. Major financial institutions refuse to comment on the impending chaos.
"Famous Celebrity Secretly Replaced by Clone, Fans Claim",Social media users noticed subtle changes in ear shape and voice frequency of the pop icon. conspiracy theorists insist the real star was cloned in a top secret laboratory. Leaked memos confirm the clone substitution.
Scientists Confirm Drinking Saltwater Increases Intelligence by 300%,A groundbreaking rogue study asserts that drinking untreated ocean water activates dormant brain cells. Researchers recommend replacing regular drinking water with seawater for maximum cognitive advantage.
SHOCKING: Secret Alien Technology Uncovered in Underground Bunker,Anonymous sources claim that government officials have been hiding alien spaceships in secret underground facilities. Scientists allegedly reverse engineered extraterrestrial weapons. Share before this video gets deleted!
"Miracle Plant Cures All Known Diseases Overnight, Doctors Furious",Big pharma doesn't want you to know about this simple backyard weed that eliminates all illnesses instantly. Drinking this tea twice daily restores full vitality and reverses aging. Doctors are trying to ban it nationwide.
BREAKING: Global Economy Will Collapse Tomorrow Morning Says Insider,Unnamed financial gurus warn that all banks will close permanently at sunrise. Citizens are advised to convert all cash into gold coins immediately. Major financial institutions refuse to comment on the impending chaos.
"Famous Celebrity Secretly Replaced by Clone, Fans Claim",Social media users noticed subtle changes in ear shape and voice frequency of the pop icon. conspiracy theorists insist the real star was cloned in a top secret laboratory. Leaked memos confirm the clone substitution.
Scientists Confirm Drinking Saltwater Increases Intelligence by 300%,A groundbreaking rogue study asserts that drinking untreated ocean water activates dormant brain cells. Researchers recommend replacing regular drinking water with seawater for maximum cognitive advantage.
SHOCKING: Secret Alien Technology Uncovered in Underground Bunker,Anonymous sources claim that government officials have been hiding alien spaceships in secret underground facilities. Scientists allegedly reverse engineered extraterrestrial weapons. Share before this video gets deleted!
"Miracle Plant Cures All Known Diseases Overnight, Doctors Furious",Big pharma doesn't want you to know about this simple backyard weed that eliminates all illnesses instantly. Drinking this tea twice daily restores full vitality and reverses aging. Doctors are trying to ban it nationwide.
BREAKING: Global Economy Will Collapse Tomorrow Morning Says Insider,Unnamed financial gurus warn that all banks will close permanently at sunrise. Citizens are advised to convert all cash into gold coins immediately. Major financial institutions refuse to comment on the impending chaos.
"Famous Celebrity Secretly Replaced by Clone, Fans Claim",Social media users noticed subtle changes in ear shape and voice frequency of the pop icon. conspiracy theorists insist the real star was cloned in a top secret laboratory. Leaked memos confirm the clone substitution.
Scientists Confirm Drinking Saltwater Increases Intelligence by 300%,A groundbreaking rogue study asserts that drinking untreated ocean water activates dormant brain cells. Researchers recommend replacing regular drinking water with seawater for maximum cognitive advantage.
SHOCKING: Secret Alien Technology Uncovered in Underground Bunker,Anonymous sources claim that government officials have been hiding alien spaceships in secret underground facilities. Scientists allegedly reverse engineered extraterrestrial weapons. Share before this video gets deleted!
"Miracle Plant Cures All Known Diseases Overnight, Doctors Furious",Big pharma doesn't want you to know about this simple backyard weed that eliminates all illnesses instantly. Drinking this tea twice daily restores full vitality and reverses aging. Doctors are trying to ban it nationwide.
BREAKING: Global Economy Will Collapse Tomorrow Morning Says Insider,Unnamed financial gurus warn that all banks will close permanently at sunrise. Citizens are advised to convert all cash into gold coins immediately. Major financial institutions refuse to comment on the impending chaos.
"Famous Celebrity Secretly Replaced by Clone, Fans Claim",Social media users noticed subtle changes in ear shape and voice frequency of the pop icon. conspiracy theorists insist the real star was cloned in a top secret laboratory. Leaked memos confirm the clone substitution.
Scientists Confirm Drinking Saltwater Increases Intelligence by 300%,A groundbreaking rogue study asserts that drinking untreated ocean water activates dormant brain cells. Researchers recommend replacing regular drinking water with seawater for maximum cognitive advantage.
SHOCKING: Secret Alien Technology Uncovered in Underground Bunker,Anonymous sources claim that government officials have been hiding alien spaceships in secret underground facilities. Scientists allegedly reverse engineered extraterrestrial weapons. Share before this video gets deleted!
"Miracle Plant Cures All Known Diseases Overnight, Doctors Furious",Big pharma doesn't want you to know about this simple backyard weed that eliminates all illnesses instantly. Drinking this tea twice daily restores full vitality and reverses aging. Doctors are trying to ban it nationwide.
BREAKING: Global Economy Will Collapse Tomorrow Morning Says Insider,Unnamed financial gurus warn that all banks will close permanently at sunrise. Citizens are advised to convert all cash into gold coins immediately. Major financial institutions refuse to comment on the impending chaos.
"Famous Celebrity Secretly Replaced by Clone, Fans Claim",Social media users noticed subtle changes in ear shape and voice frequency of the pop icon. conspiracy theorists insist the real star was cloned in a top secret laboratory. Leaked memos confirm the clone substitution.
Scientists Confirm Drinking Saltwater Increases Intelligence by 300%,A groundbreaking rogue study asserts that drinking untreated ocean water activates dormant brain cells. Researchers recommend replacing regular drinking water with seawater for maximum cognitive advantage.
SHOCKING: Secret Alien Technology Uncovered in Underground Bunker,Anonymous sources claim that government officials have been hiding alien spaceships in secret underground facilities. Scientists allegedly reverse engineered extraterrestrial weapons. Share before this video gets deleted!
"Miracle Plant Cures All Known Diseases Overnight, Doctors Furious",Big pharma doesn't want you to know about this simple backyard weed that eliminates all illnesses instantly. Drinking this tea twice daily restores full vitality and reverses aging. Doctors are trying to ban it nationwide.
BREAKING: Global Economy Will Collapse Tomorrow Morning Says Insider,Unnamed financial gurus warn that all banks will close permanently at sunrise. Citizens are advised to convert all cash into gold coins immediately. Major financial institutions refuse to comment on the impending chaos.
"Famous Celebrity Secretly Replaced by Clone, Fans Claim",Social media users noticed subtle changes in ear shape and voice frequency of the pop icon. conspiracy theorists insist the real star was cloned in a top secret laboratory. Leaked memos confirm the clone substitution.
Scientists Confirm Drinking Saltwater Increases Intelligence by 300%,A groundbreaking rogue study asserts that drinking untreated ocean water activates dormant brain cells. Researchers recommend replacing regular drinking water with seawater for maximum cognitive advantage.
SHOCKING: Secret Alien Technology Uncovered in Underground Bunker,Anonymous sources claim that government officials have been hiding alien spaceships in secret underground facilities. Scientists allegedly reverse engineered extraterrestrial weapons. Share before this video gets deleted!
"Miracle Plant Cures All Known Diseases Overnight, Doctors Furious",Big pharma doesn't want you to know about this simple backyard weed that eliminates all illnesses instantly. Drinking this tea twice daily restores full vitality and reverses aging. Doctors are trying to ban it nationwide.
BREAKING: Global Economy Will Collapse Tomorrow Morning Says Insider,Unnamed financial gurus warn that all banks will close permanently at sunrise. Citizens are advised to convert all cash into gold coins immediately. Major financial institutions refuse to comment on the impending chaos.
"Famous Celebrity Secretly Replaced by Clone, Fans Claim",Social media users noticed subtle changes in ear shape and voice frequency of the pop icon. conspiracy theorists insist the real star was cloned in a top secret laboratory. Leaked memos confirm the clone substitution.
Scientists Confirm Drinking Saltwater Increases Intelligence by 300%,A groundbreaking rogue study asserts that drinking untreated ocean water activates dormant brain cells. Researchers recommend replacing regular drinking water with seawater for maximum cognitive advantage.
SHOCKING: Secret Alien Technology Uncovered in Underground Bunker,Anonymous sources claim that government officials have been hiding alien spaceships in secret underground facilities. Scientists allegedly reverse engineered extraterrestrial weapons. Share before this video gets deleted!
"Miracle Plant Cures All Known Diseases Overnight, Doctors Furious",Big pharma doesn't want you to know about this simple backyard weed that eliminates all illnesses instantly. Drinking this tea twice daily restores full vitality and reverses aging. Doctors are trying to ban it nationwide.
BREAKING: Global Economy Will Collapse Tomorrow Morning Says Insider,Unnamed financial gurus warn that all banks will close permanently at sunrise. Citizens are advised to convert all cash into gold coins immediately. Major financial institutions refuse to comment on the impending chaos.
"Famous Celebrity Secretly Replaced by Clone, Fans Claim",Social media users noticed subtle changes in ear shape and voice frequency of the pop icon. conspiracy theorists insist the real star was cloned in a top secret laboratory. Leaked memos confirm the clone substitution.
Scientists Confirm Drinking Saltwater Increases Intelligence by 300%,A groundbreaking rogue study asserts that drinking untreated ocean water activates dormant brain cells. Researchers recommend replacing regular drinking water with seawater for maximum cognitive advantage.
SHOCKING: Secret Alien Technology Uncovered in Underground Bunker,Anonymous sources claim that government officials have been hiding alien spaceships in secret underground facilities. Scientists allegedly reverse engineered extraterrestrial weapons. Share before this video gets deleted!
"Miracle Plant Cures All Known Diseases Overnight, Doctors Furious",Big pharma doesn't want you to know about this simple backyard weed that eliminates all illnesses instantly. Drinking this tea twice daily restores full vitality and reverses aging. Doctors are trying to ban it nationwide.
BREAKING: Global Economy Will Collapse Tomorrow Morning Says Insider,Unnamed financial gurus warn that all banks will close permanently at sunrise. Citizens are advised to convert all cash into gold coins immediately. Major financial institutions refuse to comment on the impending chaos.
"Famous Celebrity Secretly Replaced by Clone, Fans Claim",Social media users noticed subtle changes in ear shape and voice frequency of the pop icon. conspiracy theorists insist the real star was cloned in a top secret laboratory. Leaked memos confirm the clone substitution.
Scientists Confirm Drinking Saltwater Increases Intelligence by 300%,A groundbreaking rogue study asserts that drinking untreated ocean water activates dormant brain cells. Researchers recommend replacing regular drinking water with seawater for maximum cognitive advantage.
SHOCKING: Secret Alien Technology Uncovered in Underground Bunker,Anonymous sources claim that government officials have been hiding alien spaceships in secret underground facilities. Scientists allegedly reverse engineered extraterrestrial weapons. Share before this video gets deleted!
"Miracle Plant Cures All Known Diseases Overnight, Doctors Furious",Big pharma doesn't want you to know about this simple backyard weed that eliminates all illnesses instantly. Drinking this tea twice daily restores full vitality and reverses aging. Doctors are trying to ban it nationwide.
BREAKING: Global Economy Will Collapse Tomorrow Morning Says Insider,Unnamed financial gurus warn that all banks will close permanently at sunrise. Citizens are advised to convert all cash into gold coins immediately. Major financial institutions refuse to comment on the impending chaos.
"Famous Celebrity Secretly Replaced by Clone, Fans Claim",Social media users noticed subtle changes in ear shape and voice frequency of the pop icon. conspiracy theorists insist the real star was cloned in a top secret laboratory. Leaked memos confirm the clone substitution.
Scientists Confirm Drinking Saltwater Increases Intelligence by 300%,A groundbreaking rogue study asserts that drinking untreated ocean water activates dormant brain cells. Researchers recommend replacing regular drinking water with seawater for maximum cognitive advantage.
SHOCKING: Secret Alien Technology Uncovered in Underground Bunker,Anonymous sources claim that government officials have been hiding alien spaceships in secret underground facilities. Scientists allegedly reverse engineered extraterrestrial weapons. Share before this video gets deleted!
"Miracle Plant Cures All Known Diseases Overnight, Doctors Furious",Big pharma doesn't want you to know about this simple backyard weed that eliminates all illnesses instantly. Drinking this tea twice daily restores full vitality and reverses aging. Doctors are trying to ban it nationwide.
BREAKING: Global Economy Will Collapse Tomorrow Morning Says Insider,Unnamed financial gurus warn that all banks will close permanently at sunrise. Citizens are advised to convert all cash into gold coins immediately. Major financial institutions refuse to comment on the impending chaos.
"Famous Celebrity Secretly Replaced by Clone, Fans Claim",Social media users noticed subtle changes in ear shape and voice frequency of the pop icon. conspiracy theorists insist the real star was cloned in a top secret laboratory. Leaked memos confirm the clone substitution.
Scientists Confirm Drinking Saltwater Increases Intelligence by 300%,A groundbreaking rogue study asserts that drinking untreated ocean water activates dormant brain cells. Researchers recommend replacing regular drinking water with seawater for maximum cognitive advantage.
SHOCKING: Secret Alien Technology Uncovered in Underground Bunker,Anonymous sources claim that government officials have been hiding alien spaceships in secret underground facilities. Scientists allegedly reverse engineered extraterrestrial weapons. Share before this video gets deleted!
"Miracle Plant Cures All Known Diseases Overnight, Doctors Furious",Big pharma doesn't want you to know about this simple backyard weed that eliminates all illnesses instantly. Drinking this tea twice daily restores full vitality and reverses aging. Doctors are trying to ban it nationwide.
BREAKING: Global Economy Will Collapse Tomorrow Morning Says Insider,Unnamed financial gurus warn that all banks will close permanently at sunrise. Citizens are advised to convert all cash into gold coins immediately. Major financial institutions refuse to comment on the impending chaos.
"Famous Celebrity Secretly Replaced by Clone, Fans Claim",Social media users noticed subtle changes in ear shape and voice frequency of the pop icon. conspiracy theorists insist the real star was cloned in a top secret laboratory. Leaked memos confirm the clone substitution.
Scientists Confirm Drinking Saltwater Increases Intelligence by 300%,A groundbreaking rogue study asserts that drinking untreated ocean water activates dormant brain cells. Researchers recommend replacing regular drinking water with seawater for maximum cognitive advantage.
SHOCKING: Secret Alien Technology Uncovered in Underground Bunker,Anonymous sources claim that government officials have been hiding alien spaceships in secret underground facilities. Scientists allegedly reverse engineered extraterrestrial weapons. Share before this video gets deleted!
"Miracle Plant Cures All Known Diseases Overnight, Doctors Furious",Big pharma doesn't want you to know about this simple backyard weed that eliminates all illnesses instantly. Drinking this tea twice daily restores full vitality and reverses aging. Doctors are trying to ban it nationwide.
BREAKING: Global Economy Will Collapse Tomorrow Morning Says Insider,Unnamed financial gurus warn that all banks will close permanently at sunrise. Citizens are advised to convert all cash into gold coins immediately. Major financial institutions refuse to comment on the impending chaos.
"Famous Celebrity Secretly Replaced by Clone, Fans Claim",Social media users noticed subtle changes in ear shape and voice frequency of the pop icon. conspiracy theorists insist the real star was cloned in a top secret laboratory. Leaked memos confirm the clone substitution.
Scientists Confirm Drinking Saltwater Increases Intelligence by 300%,A groundbreaking rogue study asserts that drinking untreated ocean water activates dormant brain cells. Researchers recommend replacing regular drinking water with seawater for maximum cognitive advantage.
SHOCKING: Secret Alien Technology Uncovered in Underground Bunker,Anonymous sources claim that government officials have been hiding alien spaceships in secret underground facilities. Scientists allegedly reverse engineered extraterrestrial weapons. Share before this video gets deleted!
"Miracle Plant Cures All Known Diseases Overnight, Doctors Furious",Big pharma doesn't want you to know about this simple backyard weed that eliminates all illnesses instantly. Drinking this tea twice daily restores full vitality and reverses aging. Doctors are trying to ban it nationwide.
BREAKING: Global Economy Will Collapse Tomorrow Morning Says Insider,Unnamed financial gurus warn that all banks will close permanently at sunrise. Citizens are advised to convert all cash into gold coins immediately. Major financial institutions refuse to comment on the impending chaos.
"Famous Celebrity Secretly Replaced by Clone, Fans Claim",Social media users noticed subtle changes in ear shape and voice frequency of the pop icon. conspiracy theorists insist the real star was cloned in a top secret laboratory. Leaked memos confirm the clone substitution.
Scientists Confirm Drinking Saltwater Increases Intelligence by 300%,A groundbreaking rogue study asserts that drinking untreated ocean water activates dormant brain cells. Researchers recommend replacing regular drinking water with seawater for maximum cognitive advantage.
SHOCKING: Secret Alien Technology Uncovered in Underground Bunker,Anonymous sources claim that government officials have been hiding alien spaceships in secret underground facilities. Scientists allegedly reverse engineered extraterrestrial weapons. Share before this video gets deleted!
"Miracle Plant Cures All Known Diseases Overnight, Doctors Furious",Big pharma doesn't want you to know about this simple backyard weed that eliminates all illnesses instantly. Drinking this tea twice daily restores full vitality and reverses aging. Doctors are trying to ban it nationwide.
BREAKING: Global Economy Will Collapse Tomorrow Morning Says Insider,Unnamed financial gurus warn that all banks will close permanently at sunrise. Citizens are advised to convert all cash into gold coins immediately. Major financial institutions refuse to comment on the impending chaos.
"Famous Celebrity Secretly Replaced by Clone, Fans Claim",Social media users noticed subtle changes in ear shape and voice frequency of the pop icon. conspiracy theorists insist the real star was cloned in a top secret laboratory. Leaked memos confirm the clone substitution.
Scientists Confirm Drinking Saltwater Increases Intelligence by 300%,A groundbreaking rogue study asserts that drinking untreated ocean water activates dormant brain cells. Researchers recommend replacing regular drinking water with seawater for maximum cognitive advantage.
SHOCKING: Secret Alien Technology Uncovered in Underground Bunker,Anonymous sources claim that government officials have been hiding alien spaceships in secret underground facilities. Scientists allegedly reverse engineered extraterrestrial weapons. Share before this video gets deleted!
"Miracle Plant Cures All Known Diseases Overnight, Doctors Furious",Big pharma doesn't want you to know about this simple backyard weed that eliminates all illnesses instantly. Drinking this tea twice daily restores full vitality and reverses aging. Doctors are trying to ban it nationwide.
BREAKING: Global Economy Will Collapse Tomorrow Morning Says Insider,Unnamed financial gurus warn that all banks will close permanently at sunrise. Citizens are advised to convert all cash into gold coins immediately. Major financial institutions refuse to comment on the impending chaos.
"Famous Celebrity Secretly Replaced by Clone, Fans Claim",Social media users noticed subtle changes in ear shape and voice frequency of the pop icon. conspiracy theorists insist the real star was cloned in a top secret laboratory. Leaked memos confirm the clone substitution.
Scientists Confirm Drinking Saltwater Increases Intelligence by 300%,A groundbreaking rogue study asserts that drinking untreated ocean water activates dormant brain cells. Researchers recommend replacing regular drinking water with seawater for maximum cognitive advantage.
SHOCKING: Secret Alien Technology Uncovered in Underground Bunker,Anonymous sources claim that government officials have been hiding alien spaceships in secret underground facilities. Scientists allegedly reverse engineered extraterrestrial weapons. Share before this video gets deleted!
"Miracle Plant Cures All Known Diseases Overnight, Doctors Furious",Big pharma doesn't want you to know about this simple backyard weed that eliminates all illnesses instantly. Drinking this tea twice daily restores full vitality and reverses aging. Doctors are trying to ban it nationwide.
BREAKING: Global Economy Will Collapse Tomorrow Morning Says Insider,Unnamed financial gurus warn that all banks will close permanently at sunrise. Citizens are advised to convert all cash into gold coins immediately. Major financial institutions refuse to comment on the impending chaos.
"Famous Celebrity Secretly Replaced by Clone, Fans Claim",Social media users noticed subtle changes in ear shape and voice frequency of the pop icon. conspiracy theorists insist the real star was cloned in a top secret laboratory. Leaked memos confirm the clone substitution.
Scientists Confirm Drinking Saltwater Increases Intelligence by 300%,A groundbreaking rogue study asserts that drinking untreated ocean water activates dormant brain cells. Researchers recommend replacing regular drinking water with seawater for maximum cognitive advantage.
SHOCKING: Secret Alien Technology Uncovered in Underground Bunker,Anonymous sources claim that government officials have been hiding alien spaceships in secret underground facilities. Scientists allegedly reverse engineered extraterrestrial weapons. Share before this video gets deleted!
"Miracle Plant Cures All Known Diseases Overnight, Doctors Furious",Big pharma doesn't want you to know about this simple backyard weed that eliminates all illnesses instantly. Drinking this tea twice daily restores full vitality and reverses aging. Doctors are trying to ban it nationwide.
BREAKING: Global Economy Will Collapse Tomorrow Morning Says Insider,Unnamed financial gurus warn that all banks will close permanently at sunrise. Citizens are advised to convert all cash into gold coins immediately. Major financial institutions refuse to comment on the impending chaos.
"Famous Celebrity Secretly Replaced by Clone, Fans Claim",Social media users noticed subtle changes in ear shape and voice frequency of the pop icon. conspiracy theorists insist the real star was cloned in a top secret laboratory. Leaked memos confirm the clone substitution.
Scientists Confirm Drinking Saltwater Increases Intelligence by 300%,A groundbreaking rogue study asserts that drinking untreated ocean water activates dormant brain cells. Researchers recommend replacing regular drinking water with seawater for maximum cognitive advantage.
SHOCKING: Secret Alien Technology Uncovered in Underground Bunker,Anonymous sources claim that government officials have been hiding alien spaceships in secret underground facilities. Scientists allegedly reverse engineered extraterrestrial weapons. Share before this video gets deleted!
"Miracle Plant Cures All Known Diseases Overnight, Doctors Furious",Big pharma doesn't want you to know about this simple backyard weed that eliminates all illnesses instantly. Drinking this tea twice daily restores full vitality and reverses aging. Doctors are trying to ban it nationwide.
BREAKING: Global Economy Will Collapse Tomorrow Morning Says Insider,Unnamed financial gurus warn that all banks will close permanently at sunrise. Citizens are advised to convert all cash into gold coins immediately. Major financial institutions refuse to comment on the impending chaos.
"Famous Celebrity Secretly Replaced by Clone, Fans Claim",Social media users noticed subtle changes in ear shape and voice frequency of the pop icon. conspiracy theorists insist the real star was cloned in a top secret laboratory. Leaked memos confirm the clone substitution.
Scientists Confirm Drinking Saltwater Increases Intelligence by 300%,A groundbreaking rogue study asserts that drinking untreated ocean water activates dormant brain cells. Researchers recommend replacing regular drinking water with seawater for maximum cognitive advantage.
SHOCKING: Secret Alien Technology Uncovered in Underground Bunker,Anonymous sources claim that government officials have been hiding alien spaceships in secret underground facilities. Scientists allegedly reverse engineered extraterrestrial weapons. Share before this video gets deleted!
"Miracle Plant Cures All Known Diseases Overnight, Doctors Furious",Big pharma doesn't want you to know about this simple backyard weed that eliminates all illnesses instantly. Drinking this tea twice daily restores full vitality and reverses aging. Doctors are trying to ban it nationwide.
BREAKING: Global Economy Will Collapse Tomorrow Morning Says Insider,Unnamed financial gurus warn that all banks will close permanently at sunrise. Citizens are advised to convert all cash into gold coins immediately. Major financial institutions refuse to comment on the impending chaos.
"Famous Celebrity Secretly Replaced by Clone, Fans Claim",Social media users noticed subtle changes in ear shape and voice frequency of the pop icon. conspiracy theorists insist the real star was cloned in a top secret laboratory. Leaked memos confirm the clone substitution.
Scientists Confirm Drinking Saltwater Increases Intelligence by 300%,A groundbreaking rogue study asserts that drinking untreated ocean water activates dormant brain cells. Researchers recommend replacing regular drinking water with seawater for maximum cognitive advantage.
SHOCKING: Secret Alien Technology Uncovered in Underground Bunker,Anonymous sources claim that government officials have been hiding alien spaceships in secret underground facilities. Scientists allegedly reverse engineered extraterrestrial weapons. Share before this video gets deleted!
"Miracle Plant Cures All Known Diseases Overnight, Doctors Furious",Big pharma doesn't want you to know about this simple backyard weed that eliminates all illnesses instantly. Drinking this tea twice daily restores full vitality and reverses aging. Doctors are trying to ban it nationwide.
BREAKING: Global Economy Will Collapse Tomorrow Morning Says Insider,Unnamed financial gurus warn that all banks will close permanently at sunrise. Citizens are advised to convert all cash into gold coins immediately. Major financial institutions refuse to comment on the impending chaos.
"Famous Celebrity Secretly Replaced by Clone, Fans Claim",Social media users noticed subtle changes in ear shape and voice frequency of the pop icon. conspiracy theorists insist the real star was cloned in a top secret laboratory. Leaked memos confirm the clone substitution.
Scientists Confirm Drinking Saltwater Increases Intelligence by 300%,A groundbreaking rogue study asserts that drinking untreated ocean water activates dormant brain cells. Researchers recommend replacing regular drinking water with seawater for maximum cognitive advantage.
SHOCKING: Secret Alien Technology Uncovered in Underground Bunker,Anonymous sources claim that government officials have been hiding alien spaceships in secret underground facilities. Scientists allegedly reverse engineered extraterrestrial weapons. Share before this video gets deleted!
"Miracle Plant Cures All Known Diseases Overnight, Doctors Furious",Big pharma doesn't want you to know about this simple backyard weed that eliminates all illnesses instantly. Drinking this tea twice daily restores full vitality and reverses aging. Doctors are trying to ban it nationwide.
BREAKING: Global Economy Will Collapse Tomorrow Morning Says Insider,Unnamed financial gurus warn that all banks will close permanently at sunrise. Citizens are advised to convert all cash into gold coins immediately. Major financial institutions refuse to comment on the impending chaos.
"Famous Celebrity Secretly Replaced by Clone, Fans Claim",Social media users noticed subtle changes in ear shape and voice frequency of the pop icon. conspiracy theorists insist the real star was cloned in a top secret laboratory. Leaked memos confirm the clone substitution.
Scientists Confirm Drinking Saltwater Increases Intelligence by 300%,A groundbreaking rogue study asserts that drinking untreated ocean water activates dormant brain cells. Researchers recommend replacing regular drinking water with seawater for maximum cognitive advantage.
SHOCKING: Secret Alien Technology Uncovered in Underground Bunker,Anonymous sources claim that government officials have been hiding alien spaceships in secret underground facilities. Scientists allegedly reverse engineered extraterrestrial weapons. Share before this video gets deleted!
"Miracle Plant Cures All Known Diseases Overnight, Doctors Furious",Big pharma doesn't want you to know about this simple backyard weed that eliminates all illnesses instantly. Drinking this tea twice daily restores full vitality and reverses aging. Doctors are trying to ban it nationwide.
BREAKING: Global Economy Will Collapse Tomorrow Morning Says Insider,Unnamed financial gurus warn that all banks will close permanently at sunrise. Citizens are advised to convert all cash into gold coins immediately. Major financial institutions refuse to comment on the impending chaos.
"Famous Celebrity Secretly Replaced by Clone, Fans Claim",Social media users noticed subtle changes in ear shape and voice frequency of the pop icon. conspiracy theorists insist the real star was cloned in a top secret laboratory. Leaked memos confirm the clone substitution.
Scientists Confirm Drinking Saltwater Increases Intelligence by 300%,A groundbreaking rogue study asserts that drinking untreated ocean water activates dormant brain cells. Researchers recommend replacing regular drinking water with seawater for maximum cognitive advantage.
SHOCKING: Secret Alien Technology Uncovered in Underground Bunker,Anonymous sources claim that government officials have been hiding alien spaceships in secret underground facilities. Scientists allegedly reverse engineered extraterrestrial weapons. Share before this video gets deleted!
"Miracle Plant Cures All Known Diseases Overnight, Doctors Furious",Big pharma doesn't want you to know about this simple backyard weed that eliminates all illnesses instantly. Drinking this tea twice daily restores full vitality and reverses aging. Doctors are trying to ban it nationwide.
BREAKING: Global Economy Will Collapse Tomorrow Morning Says Insider,Unnamed financial gurus warn that all banks will close permanently at sunrise. Citizens are advised to convert all cash into gold coins immediately. Major financial institutions refuse to comment on the impending chaos.
"Famous Celebrity Secretly Replaced by Clone, Fans Claim",Social media users noticed subtle changes in ear shape and voice frequency of the pop icon. conspiracy theorists insist the real star was cloned in a top secret laboratory. Leaked memos confirm the clone substitution.
Scientists Confirm Drinking Saltwater Increases Intelligence by 300%,A groundbreaking rogue study asserts that drinking untreated ocean water activates dormant brain cells. Researchers recommend replacing regular drinking water with seawater for maximum cognitive advantage.
SHOCKING: Secret Alien Technology Uncovered in Underground Bunker,Anonymous sources claim that government officials have been hiding alien spaceships in secret underground facilities. Scientists allegedly reverse engineered extraterrestrial weapons. Share before this video gets deleted!
"Miracle Plant Cures All Known Diseases Overnight, Doctors Furious",Big pharma doesn't want you to know about this simple backyard weed that eliminates all illnesses instantly. Drinking this tea twice daily restores full vitality and reverses aging. Doctors are trying to ban it nationwide.
BREAKING: Global Economy Will Collapse Tomorrow Morning Says Insider,Unnamed financial gurus warn that all banks will close permanently at sunrise. Citizens are advised to convert all cash into gold coins immediately. Major financial institutions refuse to comment on the impending chaos.
"Famous Celebrity Secretly Replaced by Clone, Fans Claim",Social media users noticed subtle changes in ear shape and voice frequency of the pop icon. conspiracy theorists insist the real star was cloned in a top secret laboratory. Leaked memos confirm the clone substitution.
Scientists Confirm Drinking Saltwater Increases Intelligence by 300%,A groundbreaking rogue study asserts that drinking untreated ocean water activates dormant brain cells. Researchers recommend replacing regular drinking water with seawater for maximum cognitive advantage.
SHOCKING: Secret Alien Technology Uncovered in Underground Bunker,Anonymous sources claim that government officials have been hiding alien spaceships in secret underground facilities. Scientists allegedly reverse engineered extraterrestrial weapons. Share before this video gets deleted!
"Miracle Plant Cures All Known Diseases Overnight, Doctors Furious",Big pharma doesn't want you to know about this simple backyard weed that eliminates all illnesses instantly. Drinking this tea twice daily restores full vitality and reverses aging. Doctors are trying to ban it nationwide.
BREAKING: Global Economy Will Collapse Tomorrow Morning Says Insider,Unnamed financial gurus warn that all banks will close permanently at sunrise. Citizens are advised to convert all cash into gold coins immediately. Major financial institutions refuse to comment on the impending chaos.
"Famous Celebrity Secretly Replaced by Clone, Fans Claim",Social media users noticed subtle changes in ear shape and voice frequency of the pop icon. conspiracy theorists insist the real star was cloned in a top secret laboratory. Leaked memos confirm the clone substitution.
Scientists Confirm Drinking Saltwater Increases Intelligence by 300%,A groundbreaking rogue study asserts that drinking untreated ocean water activates dormant brain cells. Researchers recommend replacing regular drinking water with seawater for maximum cognitive advantage.
SHOCKING: Secret Alien Technology Uncovered in Underground Bunker,Anonymous sources claim that government officials have been hiding alien spaceships in secret underground facilities. Scientists allegedly reverse engineered extraterrestrial weapons. Share before this video gets deleted!
"Miracle Plant Cures All Known Diseases Overnight, Doctors Furious",Big pharma doesn't want you to know about this simple backyard weed that eliminates all illnesses instantly. Drinking this tea twice daily restores full vitality and reverses aging. Doctors are trying to ban it nationwide.
BREAKING: Global Economy Will Collapse Tomorrow Morning Says Insider,Unnamed financial gurus warn that all banks will close permanently at sunrise. Citizens are advised to convert all cash into gold coins immediately. Major financial institutions refuse to comment on the impending chaos.
"Famous Celebrity Secretly Replaced by Clone, Fans Claim",Social media users noticed subtle changes in ear shape and voice frequency of the pop icon. conspiracy theorists insist the real star was cloned in a top secret laboratory. Leaked memos confirm the clone substitution.
Scientists Confirm Drinking Saltwater Increases Intelligence by 300%,A groundbreaking rogue study asserts that drinking untreated ocean water activates dormant brain cells. Researchers recommend replacing regular drinking water with seawater for maximum cognitive advantage.
SHOCKING: Secret Alien Technology Uncovered in Underground Bunker,Anonymous sources claim that government officials have been hiding alien spaceships in secret underground facilities. Scientists allegedly reverse engineered extraterrestrial weapons. Share before this video gets deleted!
"Miracle Plant Cures All Known Diseases Overnight, Doctors Furious",Big pharma doesn't want you to know about this simple backyard weed that eliminates all illnesses instantly. Drinking this tea twice daily restores full vitality and reverses aging. Doctors are trying to ban it nationwide.
BREAKING: Global Economy Will Collapse Tomorrow Morning Says Insider,Unnamed financial gurus warn that all banks will close permanently at sunrise. Citizens are advised to convert all cash into gold coins immediately. Major financial institutions refuse to comment on the impending chaos.
"Famous Celebrity Secretly Replaced by Clone, Fans Claim",Social media users noticed subtle changes in ear shape and voice frequency of the pop icon. conspiracy theorists insist the real star was cloned in a top secret laboratory. Leaked memos confirm the clone substitution.
Scientists Confirm Drinking Saltwater Increases Intelligence by 300%,A groundbreaking rogue study asserts that drinking untreated ocean water activates dormant brain cells. Researchers recommend replacing regular drinking water with seawater for maximum cognitive advantage.
SHOCKING: Secret Alien Technology Uncovered in Underground Bunker,Anonymous sources claim that government officials have been hiding alien spaceships in secret underground facilities. Scientists allegedly reverse engineered extraterrestrial weapons. Share before this video gets deleted!
"Miracle Plant Cures All Known Diseases Overnight, Doctors Furious",Big pharma doesn't want you to know about this simple backyard weed that eliminates all illnesses instantly. Drinking this tea twice daily restores full vitality and reverses aging. Doctors are trying to ban it nationwide.
BREAKING: Global Economy Will Collapse Tomorrow Morning Says Insider,Unnamed financial gurus warn that all banks will close permanently at sunrise. Citizens are advised to convert all cash into gold coins immediately. Major financial institutions refuse to comment on the impending chaos.
"Famous Celebrity Secretly Replaced by Clone, Fans Claim",Social media users noticed subtle changes in ear shape and voice frequency of the pop icon. conspiracy theorists insist the real star was cloned in a top secret laboratory. Leaked memos confirm the clone substitution.
Scientists Confirm Drinking Saltwater Increases Intelligence by 300%,A groundbreaking rogue study asserts that drinking untreated ocean water activates dormant brain cells. Researchers recommend replacing regular drinking water with seawater for maximum cognitive advantage.
SHOCKING: Secret Alien Technology Uncovered in Underground Bunker,Anonymous sources claim that government officials have been hiding alien spaceships in secret underground facilities. Scientists allegedly reverse engineered extraterrestrial weapons. Share before this video gets deleted!
"Miracle Plant Cures All Known Diseases Overnight, Doctors Furious",Big pharma doesn't want you to know about this simple backyard weed that eliminates all illnesses instantly. Drinking this tea twice daily restores full vitality and reverses aging. Doctors are trying to ban it nationwide.
BREAKING: Global Economy Will Collapse Tomorrow Morning Says Insider,Unnamed financial gurus warn that all banks will close permanently at sunrise. Citizens are advised to convert all cash into gold coins immediately. Major financial institutions refuse to comment on the impending chaos.
"Famous Celebrity Secretly Replaced by Clone, Fans Claim",Social media users noticed subtle changes in ear shape and voice frequency of the pop icon. conspiracy theorists insist the real star was cloned in a top secret laboratory. Leaked memos confirm the clone substitution.
Scientists Confirm Drinking Saltwater Increases Intelligence by 300%,A groundbreaking rogue study asserts that drinking untreated ocean water activates dormant brain cells. Researchers recommend replacing regular drinking water with seawater for maximum cognitive advantage.
SHOCKING: Secret Alien Technology Uncovered in Underground Bunker,Anonymous sources claim that government officials have been hiding alien spaceships in secret underground facilities. Scientists allegedly reverse engineered extraterrestrial weapons. Share before this video gets deleted!
"Miracle Plant Cures All Known Diseases Overnight, Doctors Furious",Big pharma doesn't want you to know about this simple backyard weed that eliminates all illnesses instantly. Drinking this tea twice daily restores full vitality and reverses aging. Doctors are trying to ban it nationwide.
BREAKING: Global Economy Will Collapse Tomorrow Morning Says Insider,Unnamed financial gurus warn that all banks will close permanently at sunrise. Citizens are advised to convert all cash into gold coins immediately. Major financial institutions refuse to comment on the impending chaos.
"Famous Celebrity Secretly Replaced by Clone, Fans Claim",Social media users noticed subtle changes in ear shape and voice frequency of the pop icon. conspiracy theorists insist the real star was cloned in a top secret laboratory. Leaked memos confirm the clone substitution.
Scientists Confirm Drinking Saltwater Increases Intelligence by 300%,A groundbreaking rogue study asserts that drinking untreated ocean water activates dormant brain cells. Researchers recommend replacing regular drinking water with seawater for maximum cognitive advantage.
SHOCKING: Secret Alien Technology Uncovered in Underground Bunker,Anonymous sources claim that government officials have been hiding alien spaceships in secret underground facilities. Scientists allegedly reverse engineered extraterrestrial weapons. Share before this video gets deleted!
"Miracle Plant Cures All Known Diseases Overnight, Doctors Furious",Big pharma doesn't want you to know about this simple backyard weed that eliminates all illnesses instantly. Drinking this tea twice daily restores full vitality and reverses aging. Doctors are trying to ban it nationwide.
BREAKING: Global Economy Will Collapse Tomorrow Morning Says Insider,Unnamed financial gurus warn that all banks will close permanently at sunrise. Citizens are advised to convert all cash into gold coins immediately. Major financial institutions refuse to comment on the impending chaos.
"Famous Celebrity Secretly Replaced by Clone, Fans Claim",Social media users noticed subtle changes in ear shape and voice frequency of the pop icon. conspiracy theorists insist the real star was cloned in a top secret laboratory. Leaked memos confirm the clone substitution.
Scientists Confirm Drinking Saltwater Increases Intelligence by 300%,A groundbreaking rogue study asserts that drinking untreated ocean water activates dormant brain cells. Researchers recommend replacing regular drinking water with seawater for maximum cognitive advantage.
SHOCKING: Secret Alien Technology Uncovered in Underground Bunker,Anonymous sources claim that government officials have been hiding alien spaceships in secret underground facilities. Scientists allegedly reverse engineered extraterrestrial weapons. Share before this video gets deleted!
"Miracle Plant Cures All Known Diseases Overnight, Doctors Furious",Big pharma doesn't want you to know about this simple backyard weed that eliminates all illnesses instantly. Drinking this tea twice daily restores full vitality and reverses aging. Doctors are trying to ban it nationwide.
BREAKING: Global Economy Will Collapse Tomorrow Morning Says Insider,Unnamed financial gurus warn that all banks will close permanently at sunrise. Citizens are advised to convert all cash into gold coins immediately. Major financial institutions refuse to comment on the impending chaos.
"Famous Celebrity Secretly Replaced by Clone, Fans Claim",Social media users noticed subtle changes in ear shape and voice frequency of the pop icon. conspiracy theorists insist the real star was cloned in a top secret laboratory. Leaked memos confirm the clone substitution.
Scientists Confirm Drinking Saltwater Increases Intelligence by 300%,A groundbreaking rogue study asserts that drinking untreated ocean water activates dormant brain cells. Researchers recommend replacing regular drinking water with seawater for maximum cognitive advantage.
SHOCKING: Secret Alien Technology Uncovered in Underground Bunker,Anonymous sources claim that government officials have been hiding alien spaceships in secret underground facilities. Scientists allegedly reverse engineered extraterrestrial weapons. Share before this video gets deleted!
"Miracle Plant Cures All Known Diseases Overnight, Doctors Furious",Big pharma doesn't want you to know about this simple backyard weed that eliminates all illnesses instantly. Drinking this tea twice daily restores full vitality and reverses aging. Doctors are trying to ban it nationwide.
BREAKING: Global Economy Will Collapse Tomorrow Morning Says Insider,Unnamed financial gurus warn that all banks will close permanently at sunrise. Citizens are advised to convert all cash into gold coins immediately. Major financial institutions refuse to comment on the impending chaos.
"Famous Celebrity Secretly Replaced by Clone, Fans Claim",Social media users noticed subtle changes in ear shape and voice frequency of the pop icon. conspiracy theorists insist the real star was cloned in a top secret laboratory. Leaked memos confirm the clone substitution.
Scientists Confirm Drinking Saltwater Increases Intelligence by 300%,A groundbreaking rogue study asserts that drinking untreated ocean water activates dormant brain cells. Researchers recommend replacing regular drinking water with seawater for maximum cognitive advantage.
SHOCKING: Secret Alien Technology Uncovered in Underground Bunker,Anonymous sources claim that government officials have been hiding alien spaceships in secret underground facilities. Scientists allegedly reverse engineered extraterrestrial weapons. Share before this video gets deleted!
"Miracle Plant Cures All Known Diseases Overnight, Doctors Furious",Big pharma doesn't want you to know about this simple backyard weed that eliminates all illnesses instantly. Drinking this tea twice daily restores full vitality and reverses aging. Doctors are trying to ban it nationwide.
BREAKING: Global Economy Will Collapse Tomorrow Morning Says Insider,Unnamed financial gurus warn that all banks will close permanently at sunrise. Citizens are advised to convert all cash into gold coins immediately. Major financial institutions refuse to comment on the impending chaos.
"Famous Celebrity Secretly Replaced by Clone, Fans Claim",Social media users noticed subtle changes in ear shape and voice frequency of the pop icon. conspiracy theorists insist the real star was cloned in a top secret laboratory. Leaked memos confirm the clone substitution.
Scientists Confirm Drinking Saltwater Increases Intelligence by 300%,A groundbreaking rogue study asserts that drinking untreated ocean water activates dormant brain cells. Researchers recommend replacing regular drinking water with seawater for maximum cognitive advantage.
SHOCKING: Secret Alien Technology Uncovered in Underground Bunker,Anonymous sources claim that government officials have been hiding alien spaceships in secret underground facilities. Scientists allegedly reverse engineered extraterrestrial weapons. Share before this video gets deleted!
"Miracle Plant Cures All Known Diseases Overnight, Doctors Furious",Big pharma doesn't want you to know about this simple backyard weed that eliminates all illnesses instantly. Drinking this tea twice daily restores full vitality and reverses aging. Doctors are trying to ban it nationwide.
BREAKING: Global Economy Will Collapse Tomorrow Morning Says Insider,Unnamed financial gurus warn that all banks will close permanently at sunrise. Citizens are advised to convert all cash into gold coins immediately. Major financial institutions refuse to comment on the impending chaos.
"Famous Celebrity Secretly Replaced by Clone, Fans Claim",Social media users noticed subtle changes in ear shape and voice frequency of the pop icon. conspiracy theorists insist the real star was cloned in a top secret laboratory. Leaked memos confirm the clone substitution.
Scientists Confirm Drinking Saltwater Increases Intelligence by 300%,A groundbreaking rogue study asserts that drinking untreated ocean water activates dormant brain cells. Researchers recommend replacing regular drinking water with seawater for maximum cognitive advantage.
SHOCKING: Secret Alien Technology Uncovered in Underground Bunker,Anonymous sources claim that government officials have been hiding alien spaceships in secret underground facilities. Scientists allegedly reverse engineered extraterrestrial weapons. Share before this video gets deleted!
"Miracle Plant Cures All Known Diseases Overnight, Doctors Furious",Big pharma doesn't want you to know about this simple backyard weed that eliminates all illnesses instantly. Drinking this tea twice daily restores full vitality and reverses aging. Doctors are trying to ban it nationwide.
BREAKING: Global Economy Will Collapse Tomorrow Morning Says Insider,Unnamed financial gurus warn that all banks will close permanently at sunrise. Citizens are advised to convert all cash into gold coins immediately. Major financial institutions refuse to comment on the impending chaos.
"Famous Celebrity Secretly Replaced by Clone, Fans Claim",Social media users noticed subtle changes in ear shape and voice frequency of the pop icon. conspiracy theorists insist the real star was cloned in a top secret laboratory. Leaked memos confirm the clone substitution.
Scientists Confirm Drinking Saltwater Increases Intelligence by 300%,A groundbreaking rogue study asserts that drinking untreated ocean water activates dormant brain cells. Researchers recommend replacing regular drinking water with seawater for maximum cognitive advantage.
SHOCKING: Secret Alien Technology Uncovered in Underground Bunker,Anonymous sources claim that government officials have been hiding alien spaceships in secret underground facilities. Scientists allegedly reverse engineered extraterrestrial weapons. Share before this video gets deleted!
"Miracle Plant Cures All Known Diseases Overnight, Doctors Furious",Big pharma doesn't want you to know about this simple backyard weed that eliminates all illnesses instantly. Drinking this tea twice daily restores full vitality and reverses aging. Doctors are trying to ban it nationwide.
BREAKING: Global Economy Will Collapse Tomorrow Morning Says Insider,Unnamed financial gurus warn that all banks will close permanently at sunrise. Citizens are advised to convert all cash into gold coins immediately. Major financial institutions refuse to comment on the impending chaos.
"Famous Celebrity Secretly Replaced by Clone, Fans Claim",Social media users noticed subtle changes in ear shape and voice frequency of the pop icon. conspiracy theorists insist the real star was cloned in a top secret laboratory. Leaked memos confirm the clone substitution.
Scientists Confirm Drinking Saltwater Increases Intelligence by 300%,A groundbreaking rogue study asserts that drinking untreated ocean water activates dormant brain cells. Researchers recommend replacing regular drinking water with seawater for maximum cognitive advantage.
SHOCKING: Secret Alien Technology Uncovered in Underground Bunker,Anonymous sources claim that government officials have been hiding alien spaceships in secret underground facilities. Scientists allegedly reverse engineered extraterrestrial weapons. Share before this video gets deleted!
"Miracle Plant Cures All Known Diseases Overnight, Doctors Furious",Big pharma doesn't want you to know about this simple backyard weed that eliminates all illnesses instantly. Drinking this tea twice daily restores full vitality and reverses aging. Doctors are trying to ban it nationwide.
BREAKING: Global Economy Will Collapse Tomorrow Morning Says Insider,Unnamed financial gurus warn that all banks will close permanently at sunrise. Citizens are advised to convert all cash into gold coins immediately. Major financial institutions refuse to comment on the impending chaos.
"Famous Celebrity Secretly Replaced by Clone, Fans Claim",Social media users noticed subtle changes in ear shape and voice frequency of the pop icon. conspiracy theorists insist the real star was cloned in a top secret laboratory. Leaked memos confirm the clone substitution.
Scientists Confirm Drinking Saltwater Increases Intelligence by 300%,A groundbreaking rogue study asserts that drinking untreated ocean water activates dormant brain cells. Researchers recommend replacing regular drinking water with seawater for maximum cognitive advantage.
SHOCKING: Secret Alien Technology Uncovered in Underground Bunker,Anonymous sources claim that government officials have been hiding alien spaceships in secret underground facilities. Scientists allegedly reverse engineered extraterrestrial weapons. Share before this video gets deleted!
"Miracle Plant Cures All Known Diseases Overnight, Doctors Furious",Big pharma doesn't want you to know about this simple backyard weed that eliminates all illnesses instantly. Drinking this tea twice daily restores full vitality and reverses aging. Doctors are trying to ban it nationwide.
BREAKING: Global Economy Will Collapse Tomorrow Morning Says Insider,Unnamed financial gurus warn that all banks will close permanently at sunrise. Citizens are advised to convert all cash into gold coins immediately. Major financial institutions refuse to comment on the impending chaos.
"Famous Celebrity Secretly Replaced by Clone, Fans Claim",Social media users noticed subtle changes in ear shape and voice frequency of the pop icon. conspiracy theorists insist the real star was cloned in a top secret laboratory. Leaked memos confirm the clone substitution.
Scientists Confirm Drinking Saltwater Increases Intelligence by 300%,A groundbreaking rogue study asserts that drinking untreated ocean water activates dormant brain cells. Researchers recommend replacing regular drinking water with seawater for maximum cognitive advantage.
SHOCKING: Secret Alien Technology Uncovered in Underground Bunker,Anonymous sources claim that government officials have been hiding alien spaceships in secret underground facilities. Scientists allegedly reverse engineered extraterrestrial weapons. Share before this video gets deleted!
"Miracle Plant Cures All Known Diseases Overnight, Doctors Furious",Big pharma doesn't want you to know about this simple backyard weed that eliminates all illnesses instantly. Drinking this tea twice daily restores full vitality and reverses aging. Doctors are trying to ban it nationwide.
BREAKING: Global Economy Will Collapse Tomorrow Morning Says Insider,Unnamed financial gurus warn that all banks will close permanently at sunrise. Citizens are advised to convert all cash into gold coins immediately. Major financial institutions refuse to comment on the impending chaos.
"Famous Celebrity Secretly Replaced by Clone, Fans Claim",Social media users noticed subtle changes in ear shape and voice frequency of the pop icon. conspiracy theorists insist the real star was cloned in a top secret laboratory. Leaked memos confirm the clone substitution.
Scientists Confirm Drinking Saltwater Increases Intelligence by 300%,A groundbreaking rogue study asserts that drinking untreated ocean water activates dormant brain cells. Researchers recommend replacing regular drinking water with seawater for maximum cognitive advantage.
SHOCKING: Secret Alien Technology Uncovered in Underground Bunker,Anonymous sources claim that government officials have been hiding alien spaceships in secret underground facilities. Scientists allegedly reverse engineered extraterrestrial weapons. Share before this video gets deleted!
"Miracle Plant Cures All Known Diseases Overnight, Doctors Furious",Big pharma doesn't want you to know about this simple backyard weed that eliminates all illnesses instantly. Drinking this tea twice daily restores full vitality and reverses aging. Doctors are trying to ban it nationwide.
BREAKING: Global Economy Will Collapse Tomorrow Morning Says Insider,Unnamed financial gurus warn that all banks will close permanently at sunrise. Citizens are advised to convert all cash into gold coins immediately. Major financial institutions refuse to comment on the impending chaos.
"Famous Celebrity Secretly Replaced by Clone, Fans Claim",Social media users noticed subtle changes in ear shape and voice frequency of the pop icon. conspiracy theorists insist the real star was cloned in a top secret laboratory. Leaked memos confirm the clone substitution.
Scientists Confirm Drinking Saltwater Increases Intelligence by 300%,A groundbreaking rogue study asserts that drinking untreated ocean water activates dormant brain cells. Researchers recommend replacing regular drinking water with seawater for maximum cognitive advantage.
SHOCKING: Secret Alien Technology Uncovered in Underground Bunker,Anonymous sources claim that government officials have been hiding alien spaceships in secret underground facilities. Scientists allegedly reverse engineered extraterrestrial weapons. Share before this video gets deleted!
"Miracle Plant Cures All Known Diseases Overnight, Doctors Furious",Big pharma doesn't want you to know about this simple backyard weed that eliminates all illnesses instantly. Drinking this tea twice daily restores full vitality and reverses aging. Doctors are trying to ban it nationwide.
BREAKING: Global Economy Will Collapse Tomorrow Morning Says Insider,Unnamed financial gurus warn that all banks will close permanently at sunrise. Citizens are advised to convert all cash into gold coins immediately. Major financial institutions refuse to comment on the impending chaos.
"Famous Celebrity Secretly Replaced by Clone, Fans Claim",Social media users noticed subtle changes in ear shape and voice frequency of the pop icon. conspiracy theorists insist the real star was cloned in a top secret laboratory. Leaked memos confirm the clone substitution.
Scientists Confirm Drinking Saltwater Increases Intelligence by 300%,A groundbreaking rogue study asserts that drinking untreated ocean water activates dormant brain cells. Researchers recommend replacing regular drinking water with seawater for maximum cognitive advantage.
